{"metricsLoadPhase": {"runtime": {"avg": 8.606526666666667, "std": 0.1494960241388825, "min": 8.482066666666666, "max": 9.008033333333334}, "throughput": {"avg": 19370.7, "std": 326.4797237195596, "min": 18502.0, "max": 19649.0}, "ins_op": {"avg": 10000000.0, "std": 0.0, "min": 10000000.0, "max": 10000000.0}, "ins_avg_lat": {"avg": 408.9, "std": 6.920260110718382, "min": 402.0, "max": 427.0}}, "metricsWorkloadBPhase": {"runtime": {"avg": 23.848191666666665, "std": 0.27475515162999625, "min": 23.186916666666665, "max": 24.19333333333333}, "throughput": {"avg": 6989.7, "std": 81.52429085861465, "min": 6889.0, "max": 7188.0}, "read_op": {"avg": 9500121.2, "std": 625.6121482196457, "min": 9499295.0, "max": 9501244.0}, "read_avg_lat": {"avg": 1136.8, "std": 13.377593206552515, "min": 1105.0, "max": 1154.0}, "upd_op": {"avg": 499878.8, "std": 625.6121482196457, "min": 498756.0, "max": 500705.0}, "upd_avg_lat": {"avg": 1205.6, "std": 10.518555033843766, "min": 1178.0, "max": 1220.0}}}