{"metricsLoadPhase": {"runtime": {"avg": 10.078175000000002, "std": 0.08273807341041185, "min": 9.89815, "max": 10.185783333333335}, "throughput": {"avg": 16538.6, "std": 136.63323168248638, "min": 16363.0, "max": 16838.0}, "ins_op": {"avg": 10000000.0, "std": 0.0, "min": 10000000.0, "max": 10000000.0}, "ins_avg_lat": {"avg": 478.9, "std": 3.7, "min": 471.0, "max": 483.0}}, "metricsWorkloadBPhase": {"runtime": {"avg": 39.17286833333333, "std": 4.662147319854341, "min": 31.717316666666665, "max": 45.443133333333336}, "throughput": {"avg": 4317.5, "std": 528.7005296006427, "min": 3668.0, "max": 5255.0}, "read_op": {"avg": 9499989.8, "std": 605.3453229355952, "min": 9498587.0, "max": 9500604.0}, "read_avg_lat": {"avg": 1872.3, "std": 223.37146191937768, "min": 1515.0, "max": 2173.0}, "upd_op": {"avg": 500010.2, "std": 605.3453229355952, "min": 499396.0, "max": 501413.0}, "upd_avg_lat": {"avg": 1956.9, "std": 224.04126851988676, "min": 1598.0, "max": 2258.0}}}