{"metricsLoadPhase": {"runtime": {"avg": 1.7464266666666668, "std": 0.013420550576551523, "min": 1.7176, "max": 1.7683833333333332}, "throughput": {"avg": 19088.0, "std": 147.1923911076928, "min": 18850.0, "max": 19407.0}, "ins_op": {"avg": 2000000.0, "std": 0.0, "min": 2000000.0, "max": 2000000.0}, "ins_avg_lat": {"avg": 412.2, "std": 2.85657137141714, "min": 406.0, "max": 416.0}}, "metricsWorkloadBPhase": {"runtime": {"avg": 9.161696666666668, "std": 0.0756445653478603, "min": 9.040799999999999, "max": 9.279933333333334}, "throughput": {"avg": 18193.0, "std": 150.53969576161631, "min": 17960.0, "max": 18435.0}, "read_op": {"avg": 9500139.4, "std": 611.6337466163881, "min": 9499092.0, "max": 9500965.0}, "read_avg_lat": {"avg": 431.7, "std": 3.796050579220461, "min": 426.0, "max": 438.0}, "upd_op": {"avg": 499860.6, "std": 611.6337466163881, "min": 499035.0, "max": 500908.0}, "upd_avg_lat": {"avg": 518.1, "std": 4.011234224026316, "min": 511.0, "max": 525.0}}}