{"metricsLoadPhase": {"runtime": {"avg": 10.647901666666666, "std": 0.09955525809262321, "min": 10.390116666666668, "max": 10.787133333333333}, "throughput": {"avg": 15654.0, "std": 148.33947552826254, "min": 15451.0, "max": 16041.0}, "ins_op": {"avg": 10000000.0, "std": 0.0, "min": 10000000.0, "max": 10000000.0}, "ins_avg_lat": {"avg": 506.8, "std": 4.791659420284375, "min": 494.0, "max": 513.0}}, "metricsWorkloadBPhase": {"runtime": {"avg": 43.313071666666666, "std": 4.921052165453428, "min": 35.39585, "max": 49.2872}, "throughput": {"avg": 3900.5, "std": 463.7096613183728, "min": 3382.0, "max": 4709.0}, "read_op": {"avg": 9500035.2, "std": 633.3610029043468, "min": 9498936.0, "max": 9501063.0}, "read_avg_lat": {"avg": 2070.5, "std": 236.19070684512548, "min": 1691.0, "max": 2358.0}, "upd_op": {"avg": 499964.8, "std": 633.3610029043468, "min": 498937.0, "max": 501064.0}, "upd_avg_lat": {"avg": 2161.2, "std": 235.78498679941436, "min": 1779.0, "max": 2442.0}}}