{"metricsLoadPhase": {"runtime": {"avg": 10.694235, "std": 0.044452839210661156, "min": 10.588666666666667, "max": 10.763666666666667}, "throughput": {"avg": 15584.9, "std": 65.0652749168095, "min": 15484.0, "max": 15740.0}, "ins_op": {"avg": 10000000.0, "std": 0.0, "min": 10000000.0, "max": 10000000.0}, "ins_avg_lat": {"avg": 508.5, "std": 2.247220505424423, "min": 503.0, "max": 512.0}}, "metricsWorkloadBPhase": {"runtime": {"avg": 45.06328666666666, "std": 3.885472735093575, "min": 37.647450000000006, "max": 49.812133333333335}, "throughput": {"avg": 3727.4, "std": 337.7070327961797, "min": 3346.0, "max": 4427.0}, "read_op": {"avg": 9500247.0, "std": 713.7740538854015, "min": 9499455.0, "max": 9501475.0}, "read_avg_lat": {"avg": 2154.4, "std": 186.3739252148755, "min": 1798.0, "max": 2382.0}, "upd_op": {"avg": 499753.0, "std": 713.7740538854015, "min": 498525.0, "max": 500545.0}, "upd_avg_lat": {"avg": 2246.7, "std": 190.53086364156331, "min": 1883.0, "max": 2471.0}}}