{"metricsLoadPhase": {"runtime": {"avg": 7.941238333333334, "std": 0.10408642911061926, "min": 7.829383333333333, "max": 8.189666666666666}, "throughput": {"avg": 20991.0, "std": 270.8966592632696, "min": 20351.0, "max": 21287.0}, "ins_op": {"avg": 10000000.0, "std": 0.0, "min": 10000000.0, "max": 10000000.0}, "ins_avg_lat": {"avg": 377.2, "std": 5.0556898639058145, "min": 371.0, "max": 389.0}}, "metricsWorkloadBPhase": {"runtime": {"avg": 14.009198333333334, "std": 0.8239269769237914, "min": 11.819016666666666, "max": 14.993933333333333}, "throughput": {"avg": 11942.8, "std": 782.2000767067209, "min": 11116.0, "max": 14102.0}, "read_op": {"avg": 9499858.7, "std": 403.51705044520736, "min": 9499159.0, "max": 9500513.0}, "read_avg_lat": {"avg": 665.5, "std": 39.67177838211945, "min": 560.0, "max": 713.0}, "upd_op": {"avg": 500141.3, "std": 403.5170504452073, "min": 499487.0, "max": 500841.0}, "upd_avg_lat": {"avg": 739.4, "std": 37.9689346703328, "min": 639.0, "max": 788.0}}}