{"metricsLoadPhase": {"runtime": {"avg": 1.2085796296296296, "std": 0.03283873877085355, "min": 1.168, "max": 1.2786166666666667}, "throughput": {"avg": 27600.666666666668, "std": 734.1271461175282, "min": 26070.0, "max": 28539.0}, "ins_op": {"avg": 2000000.0, "std": 0.0, "min": 2000000.0, "max": 2000000.0}, "ins_avg_lat": {"avg": 284.55555555555554, "std": 7.7618885318102135, "min": 275.0, "max": 301.0}}, "metricsWorkloadBPhase": {"runtime": {"avg": 5.202855555555556, "std": 0.3185056702888864, "min": 4.5667, "max": 5.593116666666666}, "throughput": {"avg": 32162.333333333332, "std": 2107.614976434, "min": 29799.0, "max": 36496.0}, "read_op": {"avg": 9500448.333333334, "std": 470.3366406687401, "min": 9499653.0, "max": 9501055.0}, "read_avg_lat": {"avg": 242.83333333333334, "std": 15.539376506868678, "min": 212.0, "max": 262.0}, "upd_op": {"avg": 499551.6666666667, "std": 470.33664066874013, "min": 498945.0, "max": 500347.0}, "upd_avg_lat": {"avg": 317.5, "std": 15.840349322747484, "min": 286.0, "max": 337.0}}}