{"metricsLoadPhase": {"runtime": {"avg": 1.38826, "std": 0.02601085585332059, "min": 1.3407833333333334, "max": 1.4188166666666668}, "throughput": {"avg": 24019.4, "std": 457.6180066387248, "min": 23494.0, "max": 24861.0}, "ins_op": {"avg": 2000000.0, "std": 0.0, "min": 2000000.0, "max": 2000000.0}, "ins_avg_lat": {"avg": 327.8, "std": 6.337191807101943, "min": 316.0, "max": 335.0}}, "metricsWorkloadBPhase": {"runtime": {"avg": 5.689146666666666, "std": 0.7898924672524876, "min": 4.47065, "max": 6.557883333333334}, "throughput": {"avg": 29913.4, "std": 4469.912911903318, "min": 25415.0, "max": 37280.0}, "read_op": {"avg": 9500310.6, "std": 547.9713861142751, "min": 9499647.0, "max": 9500984.0}, "read_avg_lat": {"avg": 261.0, "std": 35.33270439691816, "min": 207.0, "max": 306.0}, "upd_op": {"avg": 499689.4, "std": 547.9713861142751, "min": 499016.0, "max": 500353.0}, "upd_avg_lat": {"avg": 419.2, "std": 120.53779490267775, "min": 288.0, "max": 616.0}}}