{"metricsLoadPhase": {"runtime": {"avg": 1.8305349999999998, "std": 0.013953714061536109, "min": 1.8111333333333335, "max": 1.8526}, "throughput": {"avg": 18210.8, "std": 138.6173149357612, "min": 17993.0, "max": 18405.0}, "ins_op": {"avg": 2000000.0, "std": 0.0, "min": 2000000.0, "max": 2000000.0}, "ins_avg_lat": {"avg": 432.3, "std": 3.3778691508109073, "min": 428.0, "max": 438.0}}, "metricsWorkloadBPhase": {"runtime": {"avg": 9.579753333333333, "std": 0.12147003878414744, "min": 9.277583333333332, "max": 9.70145}, "throughput": {"avg": 17400.6, "std": 224.52180295018118, "min": 17180.0, "max": 17964.0}, "read_op": {"avg": 9500081.6, "std": 476.92162878192045, "min": 9499529.0, "max": 9501062.0}, "read_avg_lat": {"avg": 451.7, "std": 5.814636704042653, "min": 438.0, "max": 458.0}, "upd_op": {"avg": 499918.4, "std": 476.9216287819205, "min": 498938.0, "max": 500471.0}, "upd_avg_lat": {"avg": 540.9, "std": 6.80367547726962, "min": 523.0, "max": 548.0}}}