{"metricsLoadPhase": {"runtime": {"avg": 1.8390716666666667, "std": 0.022623196122072965, "min": 1.8185166666666668, "max": 1.8925666666666667}, "throughput": {"avg": 18127.8, "std": 219.63141851747895, "min": 17613.0, "max": 18330.0}, "ins_op": {"avg": 2000000.0, "std": 0.0, "min": 2000000.0, "max": 2000000.0}, "ins_avg_lat": {"avg": 434.9, "std": 5.262128846769148, "min": 430.0, "max": 447.0}}, "metricsWorkloadBPhase": {"runtime": {"avg": 9.582048333333333, "std": 0.1330825233642642, "min": 9.308183333333334, "max": 9.738116666666667}, "throughput": {"avg": 17397.1, "std": 244.13047740911006, "min": 17115.0, "max": 17905.0}, "read_op": {"avg": 9499529.1, "std": 492.6086580643909, "min": 9498664.0, "max": 9500493.0}, "read_avg_lat": {"avg": 451.6, "std": 6.499230723708768, "min": 438.0, "max": 459.0}, "upd_op": {"avg": 500470.9, "std": 492.60865806439097, "min": 499507.0, "max": 501336.0}, "upd_avg_lat": {"avg": 540.6, "std": 6.959885056522126, "min": 530.0, "max": 548.0}}}